﻿{
    "type": "crafting_shaped",
    "pattern": [
        " #G",
        "/V/",
        " D "
    ],
    "key": {
        "#": {
            "item": "minecraft:player_head"
        },
        "G": {
            "item": "minecraft:ghast_tear"
        },
        "/": {
            "item": "minecraft:blaze_rod"
        },
        "V": {
            "item": "minecraft:golden_apple"
        },
        "D": {
            "item": "minecraft:dragon_breath"
        }
    },
    "result": {
        "item": "minecraft:totem_of_undying",
        "count": 1
    }
}