{
	"credit": "Made with Blockbench",
	"textures": {
		"1": "custom/booster",
		"2": "custom/booster_top",
		"particle": "custom/booster"
	},
	"gui_light": "front",
	"elements": [
		{
			"name": "smoke",
			"from": [6, 0, 6],
			"to": [10, 3, 10],
			"rotation": {"angle": 0, "axis": "y", "origin": [14, 8, 16]},
			"faces": {
				"north": {"uv": [6, 13, 10, 16], "texture": "#1"},
				"east": {"uv": [6, 13, 10, 16], "texture": "#1"},
				"south": {"uv": [6, 13, 10, 16], "texture": "#1"},
				"west": {"uv": [6, 13, 10, 16], "texture": "#1"},
				"up": {"uv": [0, 0, 1, 1], "texture": "#1"},
				"down": {"uv": [10, 10, 14, 14], "texture": "#2"}
			}
		},
		{
			"name": "main",
			"from": [5, 3, 5],
			"to": [11, 15, 11],
			"rotation": {"angle": 0, "axis": "y", "origin": [14, 8, 16]},
			"faces": {
				"north": {"uv": [5, 1, 11, 13], "texture": "#1"},
				"east": {"uv": [5, 1, 11, 13], "texture": "#1"},
				"south": {"uv": [5, 1, 11, 13], "texture": "#1"},
				"west": {"uv": [5, 1, 11, 13], "texture": "#1"},
				"up": {"uv": [9, 9, 15, 15], "texture": "#2"},
				"down": {"uv": [9, 9, 15, 15], "texture": "#2"}
			}
		},
		{
			"name": "cover",
			"from": [4, 5, 4],
			"to": [12, 13, 12],
			"rotation": {"angle": 0, "axis": "y", "origin": [12, 13, 14]},
			"faces": {
				"north": {"uv": [4, 3, 12, 11], "texture": "#1"},
				"east": {"uv": [4, 3, 12, 11], "texture": "#1"},
				"south": {"uv": [4, 3, 12, 11], "texture": "#1"},
				"west": {"uv": [4, 3, 12, 11], "texture": "#1"},
				"up": {"uv": [0, 0, 8, 8], "texture": "#2"},
				"down": {"uv": [0, 0, 8, 8], "texture": "#2"}
			}
		}
	],
	"display": {
		"thirdperson_righthand": {
			"rotation": [68, 0, 0],
			"translation": [-6, -9.5, 7.5]
		},
		"thirdperson_lefthand": {
			"rotation": [68, 0, 0],
			"translation": [-6, -9.5, 7.5]
		},
		"firstperson_righthand": {
			"scale": [0, 0, 0]
		},
		"firstperson_lefthand": {
			"scale": [0, 0, 0]
		},
		"head": {
			"scale": [0, 0, 0]
		}
	}
}