{
	"credit": "Made with Blockbench",
	"texture_size": [32, 32],
	"textures": {
		"2": "custom/shield_full",
		"3": "custom/handle",
		"4": "custom/shield_front",
		"5": "custom/shield_back",
		"6": "custom/shield_center",
		"particle": "custom/shield_front"
	},
	"elements": [
		{
			"name": "t",
			"from": [6, 8, 10],
			"to": [10, 8.5, 11],
			"rotation": {"angle": 0, "axis": "y", "origin": [15, 15.5, 18]},
			"faces": {
				"north": {"uv": [0, 0, 2, 0.25], "texture": "#3"},
				"east": {"uv": [0, 0, 0.5, 0.25], "texture": "#3"},
				"south": {"uv": [0, 0, 2, 0.25], "texture": "#3"},
				"west": {"uv": [0, 0, 0.5, 0.25], "texture": "#3"},
				"up": {"uv": [0, 0, 2, 0.5], "texture": "#3"},
				"down": {"uv": [0, 0, 2, 0.5], "texture": "#3"}
			}
		},
		{
			"name": "b",
			"from": [6, 3.5, 10],
			"to": [10, 4, 11],
			"rotation": {"angle": 0, "axis": "y", "origin": [15, 11, 18]},
			"faces": {
				"north": {"uv": [0, 0, 2, 0.25], "texture": "#3"},
				"east": {"uv": [0, 0, 0.5, 0.25], "texture": "#3"},
				"south": {"uv": [0, 0, 2, 0.25], "texture": "#3"},
				"west": {"uv": [0, 0, 0.5, 0.25], "texture": "#3"},
				"up": {"uv": [0, 0, 2, 0.5], "texture": "#3"},
				"down": {"uv": [0, 0, 2, 0.5], "texture": "#3"}
			}
		},
		{
			"name": "s1",
			"from": [10, 4, 10],
			"to": [10.5, 8, 11],
			"rotation": {"angle": 0, "axis": "y", "origin": [17, 11, 18]},
			"faces": {
				"north": {"uv": [0, 0, 0.25, 2], "texture": "#3"},
				"east": {"uv": [15, 0, 15.5, 4], "texture": "#3"},
				"south": {"uv": [0, 0, 0.25, 2], "texture": "#3"},
				"west": {"uv": [0, 0, 0.5, 2], "texture": "#3"},
				"up": {"uv": [0, 0, 0.25, 0.5], "texture": "#3"},
				"down": {"uv": [0, 0, 0.25, 0.5], "texture": "#3"}
			}
		},
		{
			"name": "s2",
			"from": [5.5, 4, 10],
			"to": [6, 8, 11],
			"rotation": {"angle": 0, "axis": "y", "origin": [12, 11, 18]},
			"faces": {
				"north": {"uv": [0, 0, 0.25, 2], "texture": "#3"},
				"east": {"uv": [0, 0, 0.5, 2], "texture": "#3"},
				"south": {"uv": [0, 0, 0.25, 2], "texture": "#3"},
				"west": {"uv": [0, 0, 0.5, 2], "texture": "#3"},
				"up": {"uv": [0, 0, 0.25, 0.5], "texture": "#3"},
				"down": {"uv": [0, 0, 0.25, 0.5], "texture": "#3"}
			}
		},
		{
			"name": "1",
			"from": [10.5, 21, 6.5],
			"to": [11.5, 22, 14.5],
			"rotation": {"angle": 0, "axis": "y", "origin": [18.5, 29, 14.5]},
			"faces": {
				"north": {"uv": [11.5, 6, 12, 6.5], "texture": "#2"},
				"east": {"uv": [11.5, 6, 12, 6.5], "texture": "#2"},
				"south": {"uv": [11.5, 6, 12, 6.5], "texture": "#2"},
				"west": {"uv": [11.5, 6, 12, 6.5], "texture": "#2"},
				"up": {"uv": [11.5, 6, 12, 6.5], "texture": "#2"},
				"down": {"uv": [11.5, 6, 12, 6.5], "texture": "#2"}
			}
		},
		{
			"name": "2",
			"from": [10.5, 20, 13.5],
			"to": [11.5, 21, 16.5],
			"rotation": {"angle": 0, "axis": "y", "origin": [18.5, 28, 14.5]},
			"faces": {
				"north": {"uv": [11.5, 6, 12, 6.5], "texture": "#2"},
				"east": {"uv": [11.5, 6, 12, 6.5], "texture": "#2"},
				"south": {"uv": [11.5, 6, 12, 6.5], "texture": "#2"},
				"west": {"uv": [11.5, 6, 12, 6.5], "texture": "#2"},
				"up": {"uv": [11.5, 6, 12, 6.5], "texture": "#2"},
				"down": {"uv": [11.5, 6, 12, 6.5], "texture": "#2"}
			}
		},
		{
			"name": "3",
			"from": [10.5, 20, 4.5],
			"to": [11.5, 21, 7.5],
			"rotation": {"angle": 0, "axis": "y", "origin": [18.5, 28, 5.5]},
			"faces": {
				"north": {"uv": [11.5, 6, 12, 6.5], "texture": "#2"},
				"east": {"uv": [11.5, 6, 12, 6.5], "texture": "#2"},
				"south": {"uv": [11.5, 6, 12, 6.5], "texture": "#2"},
				"west": {"uv": [11.5, 6, 12, 6.5], "texture": "#2"},
				"up": {"uv": [11.5, 6, 12, 6.5], "texture": "#2"},
				"down": {"uv": [11.5, 6, 12, 6.5], "texture": "#2"}
			}
		},
		{
			"name": "4",
			"from": [10.5, 17, 16.5],
			"to": [11.5, 20, 17.5],
			"rotation": {"angle": 0, "axis": "y", "origin": [18.5, 28, 16.5]},
			"faces": {
				"north": {"uv": [11.5, 6, 12, 6.5], "texture": "#2"},
				"east": {"uv": [11.5, 6, 12, 6.5], "texture": "#2"},
				"south": {"uv": [11.5, 6, 12, 6.5], "texture": "#2"},
				"west": {"uv": [11.5, 6, 12, 6.5], "texture": "#2"},
				"up": {"uv": [11.5, 6, 12, 6.5], "texture": "#2"},
				"down": {"uv": [11.5, 6, 12, 6.5], "texture": "#2"}
			}
		},
		{
			"name": "5",
			"from": [10.5, 17, 13.5],
			"to": [11.5, 20, 14.5],
			"rotation": {"angle": 0, "axis": "y", "origin": [18.5, 28, 13.5]},
			"faces": {
				"north": {"uv": [11.5, 6, 12, 6.5], "texture": "#2"},
				"east": {"uv": [11.5, 6, 12, 6.5], "texture": "#2"},
				"south": {"uv": [11.5, 6, 12, 6.5], "texture": "#2"},
				"west": {"uv": [11.5, 6, 12, 6.5], "texture": "#2"},
				"up": {"uv": [11.5, 6, 12, 6.5], "texture": "#2"},
				"down": {"uv": [11.5, 6, 12, 6.5], "texture": "#2"}
			}
		},
		{
			"name": "6",
			"from": [10.5, 17, 6.5],
			"to": [11.5, 20, 7.5],
			"rotation": {"angle": 0, "axis": "y", "origin": [18.5, 28, 6.5]},
			"faces": {
				"north": {"uv": [11.5, 6, 12, 6.5], "texture": "#2"},
				"east": {"uv": [11.5, 6, 12, 6.5], "texture": "#2"},
				"south": {"uv": [11.5, 6, 12, 6.5], "texture": "#2"},
				"west": {"uv": [11.5, 6, 12, 6.5], "texture": "#2"},
				"up": {"uv": [11.5, 6, 12, 6.5], "texture": "#2"},
				"down": {"uv": [11.5, 6, 12, 6.5], "texture": "#2"}
			}
		},
		{
			"name": "7",
			"from": [10.5, 17, 3.5],
			"to": [11.5, 20, 4.5],
			"rotation": {"angle": 0, "axis": "y", "origin": [18.5, 28, 3.5]},
			"faces": {
				"north": {"uv": [11.5, 6, 12, 6.5], "texture": "#2"},
				"east": {"uv": [11.5, 6, 12, 6.5], "texture": "#2"},
				"south": {"uv": [11.5, 6, 12, 6.5], "texture": "#2"},
				"west": {"uv": [11.5, 6, 12, 6.5], "texture": "#2"},
				"up": {"uv": [11.5, 6, 12, 6.5], "texture": "#2"},
				"down": {"uv": [11.5, 6, 12, 6.5], "texture": "#2"}
			}
		},
		{
			"name": "8",
			"from": [10.5, 0, 17.5],
			"to": [11.5, 18, 18.5],
			"rotation": {"angle": 0, "axis": "y", "origin": [18.5, 26, 17.5]},
			"faces": {
				"north": {"uv": [11.5, 6, 12, 6.5], "texture": "#2"},
				"east": {"uv": [11.5, 6, 12, 6.5], "texture": "#2"},
				"south": {"uv": [11.5, 6, 12, 6.5], "texture": "#2"},
				"west": {"uv": [11.5, 6, 12, 6.5], "texture": "#2"},
				"up": {"uv": [11.5, 6, 12, 6.5], "texture": "#2"},
				"down": {"uv": [11.5, 6, 12, 6.5], "texture": "#2"}
			}
		},
		{
			"name": "9",
			"from": [10.5, 0, 2.5],
			"to": [11.5, 18, 3.5],
			"rotation": {"angle": 0, "axis": "y", "origin": [18.5, 26, 2.5]},
			"faces": {
				"north": {"uv": [11.5, 6, 12, 6.5], "texture": "#2"},
				"east": {"uv": [11.5, 6, 12, 6.5], "texture": "#2"},
				"south": {"uv": [11.5, 6, 12, 6.5], "texture": "#2"},
				"west": {"uv": [11.5, 6, 12, 6.5], "texture": "#2"},
				"up": {"uv": [11.5, 6, 12, 6.5], "texture": "#2"},
				"down": {"uv": [11.5, 6, 12, 6.5], "texture": "#2"}
			}
		},
		{
			"name": "10",
			"from": [10.5, 16, 14.5],
			"to": [11.5, 17, 16.5],
			"rotation": {"angle": 0, "axis": "y", "origin": [18.5, 26, 13.5]},
			"faces": {
				"north": {"uv": [11.5, 6, 12, 6.5], "texture": "#2"},
				"east": {"uv": [11.5, 6, 12, 6.5], "texture": "#2"},
				"south": {"uv": [11.5, 6, 12, 6.5], "texture": "#2"},
				"west": {"uv": [11.5, 6, 12, 6.5], "texture": "#2"},
				"up": {"uv": [11.5, 6, 12, 6.5], "texture": "#2"},
				"down": {"uv": [11.5, 6, 12, 6.5], "texture": "#2"}
			}
		},
		{
			"name": "11",
			"from": [10.5, 14, 12.5],
			"to": [11.5, 17, 13.5],
			"rotation": {"angle": 0, "axis": "y", "origin": [18.5, 26, 11.5]},
			"faces": {
				"north": {"uv": [11.5, 6, 12, 6.5], "texture": "#2"},
				"east": {"uv": [11.5, 6, 12, 6.5], "texture": "#2"},
				"south": {"uv": [11.5, 6, 12, 6.5], "texture": "#2"},
				"west": {"uv": [11.5, 6, 12, 6.5], "texture": "#2"},
				"up": {"uv": [11.5, 6, 12, 6.5], "texture": "#2"},
				"down": {"uv": [11.5, 6, 12, 6.5], "texture": "#2"}
			}
		},
		{
			"name": "12",
			"from": [10.5, 15, 13.5],
			"to": [11.5, 16, 14.5],
			"rotation": {"angle": 0, "axis": "y", "origin": [18.5, 26, 12.5]},
			"faces": {
				"north": {"uv": [11.5, 6, 12, 6.5], "texture": "#2"},
				"east": {"uv": [11.5, 6, 12, 6.5], "texture": "#2"},
				"south": {"uv": [11.5, 6, 12, 6.5], "texture": "#2"},
				"west": {"uv": [11.5, 6, 12, 6.5], "texture": "#2"},
				"up": {"uv": [11.5, 6, 12, 6.5], "texture": "#2"},
				"down": {"uv": [11.5, 6, 12, 6.5], "texture": "#2"}
			}
		},
		{
			"name": "13",
			"from": [10.5, 11, 11.5],
			"to": [11.5, 14, 12.5],
			"rotation": {"angle": 0, "axis": "y", "origin": [18.5, 24, 10.5]},
			"faces": {
				"north": {"uv": [11.5, 6, 12, 6.5], "texture": "#2"},
				"east": {"uv": [11.5, 6, 12, 6.5], "texture": "#2"},
				"south": {"uv": [11.5, 6, 12, 6.5], "texture": "#2"},
				"west": {"uv": [11.5, 6, 12, 6.5], "texture": "#2"},
				"up": {"uv": [11.5, 6, 12, 6.5], "texture": "#2"},
				"down": {"uv": [11.5, 6, 12, 6.5], "texture": "#2"}
			}
		},
		{
			"name": "14",
			"from": [10.5, 9, 9.5],
			"to": [11.5, 11, 11.5],
			"rotation": {"angle": 0, "axis": "y", "origin": [18.5, 22, 8.5]},
			"faces": {
				"north": {"uv": [11.5, 6, 12, 6.5], "texture": "#2"},
				"east": {"uv": [11.5, 6, 12, 6.5], "texture": "#2"},
				"south": {"uv": [11.5, 6, 12, 6.5], "texture": "#2"},
				"west": {"uv": [11.5, 6, 12, 6.5], "texture": "#2"},
				"up": {"uv": [11.5, 6, 12, 6.5], "texture": "#2"},
				"down": {"uv": [11.5, 6, 12, 6.5], "texture": "#2"}
			}
		},
		{
			"name": "15",
			"from": [10.5, 11, 8.5],
			"to": [11.5, 14, 9.5],
			"rotation": {"angle": 0, "axis": "y", "origin": [18.5, 24, 7.5]},
			"faces": {
				"north": {"uv": [11.5, 6, 12, 6.5], "texture": "#2"},
				"east": {"uv": [11.5, 6, 12, 6.5], "texture": "#2"},
				"south": {"uv": [11.5, 6, 12, 6.5], "texture": "#2"},
				"west": {"uv": [11.5, 6, 12, 6.5], "texture": "#2"},
				"up": {"uv": [11.5, 6, 12, 6.5], "texture": "#2"},
				"down": {"uv": [11.5, 6, 12, 6.5], "texture": "#2"}
			}
		},
		{
			"name": "16",
			"from": [10.5, 14, 7.5],
			"to": [11.5, 17, 8.5],
			"rotation": {"angle": 0, "axis": "y", "origin": [18.5, 26, 6.5]},
			"faces": {
				"north": {"uv": [11.5, 6, 12, 6.5], "texture": "#2"},
				"east": {"uv": [11.5, 6, 12, 6.5], "texture": "#2"},
				"south": {"uv": [11.5, 6, 12, 6.5], "texture": "#2"},
				"west": {"uv": [11.5, 6, 12, 6.5], "texture": "#2"},
				"up": {"uv": [11.5, 6, 12, 6.5], "texture": "#2"},
				"down": {"uv": [11.5, 6, 12, 6.5], "texture": "#2"}
			}
		},
		{
			"name": "17",
			"from": [10.5, 15, 6.5],
			"to": [11.5, 16, 7.5],
			"rotation": {"angle": 0, "axis": "y", "origin": [18.5, 26, 5.5]},
			"faces": {
				"north": {"uv": [11.5, 6, 12, 6.5], "texture": "#2"},
				"east": {"uv": [11.5, 6, 12, 6.5], "texture": "#2"},
				"south": {"uv": [11.5, 6, 12, 6.5], "texture": "#2"},
				"west": {"uv": [11.5, 6, 12, 6.5], "texture": "#2"},
				"up": {"uv": [11.5, 6, 12, 6.5], "texture": "#2"},
				"down": {"uv": [11.5, 6, 12, 6.5], "texture": "#2"}
			}
		},
		{
			"name": "18",
			"from": [10.5, 16, 4.5],
			"to": [11.5, 17, 6.5],
			"rotation": {"angle": 0, "axis": "y", "origin": [18.5, 26, 3.5]},
			"faces": {
				"north": {"uv": [11.5, 6, 12, 6.5], "texture": "#2"},
				"east": {"uv": [11.5, 6, 12, 6.5], "texture": "#2"},
				"south": {"uv": [11.5, 6, 12, 6.5], "texture": "#2"},
				"west": {"uv": [11.5, 6, 12, 6.5], "texture": "#2"},
				"up": {"uv": [11.5, 6, 12, 6.5], "texture": "#2"},
				"down": {"uv": [11.5, 6, 12, 6.5], "texture": "#2"}
			}
		},
		{
			"name": "19",
			"from": [10.5, 2, 15.5],
			"to": [11.5, 3, 17.5],
			"rotation": {"angle": 0, "axis": "y", "origin": [18.5, 12, 14.5]},
			"faces": {
				"north": {"uv": [11.5, 6, 12, 6.5], "texture": "#2"},
				"east": {"uv": [11.5, 6, 12, 6.5], "texture": "#2"},
				"south": {"uv": [11.5, 6, 12, 6.5], "texture": "#2"},
				"west": {"uv": [11.5, 6, 12, 6.5], "texture": "#2"},
				"up": {"uv": [11.5, 6, 12, 6.5], "texture": "#2"},
				"down": {"uv": [11.5, 6, 12, 6.5], "texture": "#2"}
			}
		},
		{
			"name": "20",
			"from": [10.5, 3, 12.5],
			"to": [11.5, 4, 15.5],
			"rotation": {"angle": 0, "axis": "y", "origin": [18.5, 13, 12.5]},
			"faces": {
				"north": {"uv": [11.5, 6, 12, 6.5], "texture": "#2"},
				"east": {"uv": [11.5, 6, 12, 6.5], "texture": "#2"},
				"south": {"uv": [11.5, 6, 12, 6.5], "texture": "#2"},
				"west": {"uv": [11.5, 6, 12, 6.5], "texture": "#2"},
				"up": {"uv": [11.5, 6, 12, 6.5], "texture": "#2"},
				"down": {"uv": [11.5, 6, 12, 6.5], "texture": "#2"}
			}
		},
		{
			"name": "21",
			"from": [10.5, 2, 8.5],
			"to": [11.5, 3, 12.5],
			"rotation": {"angle": 0, "axis": "y", "origin": [18.5, 12, 9.5]},
			"faces": {
				"north": {"uv": [11.5, 6, 12, 6.5], "texture": "#2"},
				"east": {"uv": [11.5, 6, 12, 6.5], "texture": "#2"},
				"south": {"uv": [11.5, 6, 12, 6.5], "texture": "#2"},
				"west": {"uv": [11.5, 6, 12, 6.5], "texture": "#2"},
				"up": {"uv": [11.5, 6, 12, 6.5], "texture": "#2"},
				"down": {"uv": [11.5, 6, 12, 6.5], "texture": "#2"}
			}
		},
		{
			"name": "22",
			"from": [10.5, 3, 5.5],
			"to": [11.5, 4, 8.5],
			"rotation": {"angle": 0, "axis": "y", "origin": [18.5, 13, 5.5]},
			"faces": {
				"north": {"uv": [11.5, 6, 12, 6.5], "texture": "#2"},
				"east": {"uv": [11.5, 6, 12, 6.5], "texture": "#2"},
				"south": {"uv": [11.5, 6, 12, 6.5], "texture": "#2"},
				"west": {"uv": [11.5, 6, 12, 6.5], "texture": "#2"},
				"up": {"uv": [11.5, 6, 12, 6.5], "texture": "#2"},
				"down": {"uv": [11.5, 6, 12, 6.5], "texture": "#2"}
			}
		},
		{
			"name": "23",
			"from": [10.5, 2, 3.5],
			"to": [11.5, 3, 5.5],
			"rotation": {"angle": 0, "axis": "y", "origin": [18.5, 12, 3.5]},
			"faces": {
				"north": {"uv": [11.5, 6, 12, 6.5], "texture": "#2"},
				"east": {"uv": [11.5, 6, 12, 6.5], "texture": "#2"},
				"south": {"uv": [11.5, 6, 12, 6.5], "texture": "#2"},
				"west": {"uv": [11.5, 6, 12, 6.5], "texture": "#2"},
				"up": {"uv": [11.5, 6, 12, 6.5], "texture": "#2"},
				"down": {"uv": [11.5, 6, 12, 6.5], "texture": "#2"}
			}
		},
		{
			"name": "24",
			"from": [10.5, -4, 16.5],
			"to": [11.5, 0, 17.5],
			"rotation": {"angle": 0, "axis": "y", "origin": [18.5, 9, 15.5]},
			"faces": {
				"north": {"uv": [11.5, 6, 12, 6.5], "texture": "#2"},
				"east": {"uv": [11.5, 6, 12, 6.5], "texture": "#2"},
				"south": {"uv": [11.5, 6, 12, 6.5], "texture": "#2"},
				"west": {"uv": [11.5, 6, 12, 6.5], "texture": "#2"},
				"up": {"uv": [11.5, 6, 12, 6.5], "texture": "#2"},
				"down": {"uv": [11.5, 6, 12, 6.5], "texture": "#2"}
			}
		},
		{
			"name": "25",
			"from": [10.5, -4, 3.5],
			"to": [11.5, 0, 4.5],
			"rotation": {"angle": 0, "axis": "y", "origin": [18.5, 9, 2.5]},
			"faces": {
				"north": {"uv": [11.5, 6, 12, 6.5], "texture": "#2"},
				"east": {"uv": [11.5, 6, 12, 6.5], "texture": "#2"},
				"south": {"uv": [11.5, 6, 12, 6.5], "texture": "#2"},
				"west": {"uv": [11.5, 6, 12, 6.5], "texture": "#2"},
				"up": {"uv": [11.5, 6, 12, 6.5], "texture": "#2"},
				"down": {"uv": [11.5, 6, 12, 6.5], "texture": "#2"}
			}
		},
		{
			"name": "26",
			"from": [10.5, -7, 15.5],
			"to": [11.5, -4, 16.5],
			"rotation": {"angle": 0, "axis": "y", "origin": [18.5, 5, 14.5]},
			"faces": {
				"north": {"uv": [11.5, 6, 12, 6.5], "texture": "#2"},
				"east": {"uv": [11.5, 6, 12, 6.5], "texture": "#2"},
				"south": {"uv": [11.5, 6, 12, 6.5], "texture": "#2"},
				"west": {"uv": [11.5, 6, 12, 6.5], "texture": "#2"},
				"up": {"uv": [11.5, 6, 12, 6.5], "texture": "#2"},
				"down": {"uv": [11.5, 6, 12, 6.5], "texture": "#2"}
			}
		},
		{
			"name": "27",
			"from": [10.5, -7, 4.5],
			"to": [11.5, -4, 5.5],
			"rotation": {"angle": 0, "axis": "y", "origin": [18.5, 5, 3.5]},
			"faces": {
				"north": {"uv": [11.5, 6, 12, 6.5], "texture": "#2"},
				"east": {"uv": [11.5, 6, 12, 6.5], "texture": "#2"},
				"south": {"uv": [11.5, 6, 12, 6.5], "texture": "#2"},
				"west": {"uv": [11.5, 6, 12, 6.5], "texture": "#2"},
				"up": {"uv": [11.5, 6, 12, 6.5], "texture": "#2"},
				"down": {"uv": [11.5, 6, 12, 6.5], "texture": "#2"}
			}
		},
		{
			"name": "28",
			"from": [10.5, -9, 14.5],
			"to": [11.5, -7, 15.5],
			"rotation": {"angle": 0, "axis": "y", "origin": [18.5, 3, 13.5]},
			"faces": {
				"north": {"uv": [11.5, 6, 12, 6.5], "texture": "#2"},
				"east": {"uv": [11.5, 6, 12, 6.5], "texture": "#2"},
				"south": {"uv": [11.5, 6, 12, 6.5], "texture": "#2"},
				"west": {"uv": [11.5, 6, 12, 6.5], "texture": "#2"},
				"up": {"uv": [11.5, 6, 12, 6.5], "texture": "#2"},
				"down": {"uv": [11.5, 6, 12, 6.5], "texture": "#2"}
			}
		},
		{
			"name": "29",
			"from": [10.5, -9, 5.5],
			"to": [11.5, -7, 6.5],
			"rotation": {"angle": 0, "axis": "y", "origin": [18.5, 3, 4.5]},
			"faces": {
				"north": {"uv": [11.5, 6, 12, 6.5], "texture": "#2"},
				"east": {"uv": [11.5, 6, 12, 6.5], "texture": "#2"},
				"south": {"uv": [11.5, 6, 12, 6.5], "texture": "#2"},
				"west": {"uv": [11.5, 6, 12, 6.5], "texture": "#2"},
				"up": {"uv": [11.5, 6, 12, 6.5], "texture": "#2"},
				"down": {"uv": [11.5, 6, 12, 6.5], "texture": "#2"}
			}
		},
		{
			"name": "30",
			"from": [10.5, -10, 6.5],
			"to": [11.5, -9, 14.5],
			"rotation": {"angle": 0, "axis": "y", "origin": [18.5, 2, 12.5]},
			"faces": {
				"north": {"uv": [11.5, 6, 12, 6.5], "texture": "#2"},
				"east": {"uv": [11.5, 6, 12, 6.5], "texture": "#2"},
				"south": {"uv": [11.5, 6, 12, 6.5], "texture": "#2"},
				"west": {"uv": [11.5, 6, 12, 6.5], "texture": "#2"},
				"up": {"uv": [11.5, 6, 12, 6.5], "texture": "#2"},
				"down": {"uv": [11.5, 6, 12, 6.5], "texture": "#2"}
			}
		},
		{
			"name": "31",
			"from": [10.5, -5, 14.5],
			"to": [11.5, -4, 15.5],
			"rotation": {"angle": 0, "axis": "y", "origin": [18.5, 7, 13.5]},
			"faces": {
				"north": {"uv": [11.5, 6, 12, 6.5], "texture": "#2"},
				"east": {"uv": [11.5, 6, 12, 6.5], "texture": "#2"},
				"south": {"uv": [11.5, 6, 12, 6.5], "texture": "#2"},
				"west": {"uv": [11.5, 6, 12, 6.5], "texture": "#2"},
				"up": {"uv": [11.5, 6, 12, 6.5], "texture": "#2"},
				"down": {"uv": [11.5, 6, 12, 6.5], "texture": "#2"}
			}
		},
		{
			"name": "32",
			"from": [10.5, -5, 5.5],
			"to": [11.5, -4, 6.5],
			"rotation": {"angle": 0, "axis": "y", "origin": [18.5, 7, 4.5]},
			"faces": {
				"north": {"uv": [11.5, 6, 12, 6.5], "texture": "#2"},
				"east": {"uv": [11.5, 6, 12, 6.5], "texture": "#2"},
				"south": {"uv": [11.5, 6, 12, 6.5], "texture": "#2"},
				"west": {"uv": [11.5, 6, 12, 6.5], "texture": "#2"},
				"up": {"uv": [11.5, 6, 12, 6.5], "texture": "#2"},
				"down": {"uv": [11.5, 6, 12, 6.5], "texture": "#2"}
			}
		},
		{
			"name": "33",
			"from": [10.5, -7, 11.5],
			"to": [11.5, -6, 12.5],
			"rotation": {"angle": 0, "axis": "y", "origin": [18.5, 5, 10.5]},
			"faces": {
				"north": {"uv": [11.5, 6, 12, 6.5], "texture": "#2"},
				"east": {"uv": [11.5, 6, 12, 6.5], "texture": "#2"},
				"south": {"uv": [11.5, 6, 12, 6.5], "texture": "#2"},
				"west": {"uv": [11.5, 6, 12, 6.5], "texture": "#2"},
				"up": {"uv": [11.5, 6, 12, 6.5], "texture": "#2"},
				"down": {"uv": [11.5, 6, 12, 6.5], "texture": "#2"}
			}
		},
		{
			"name": "34",
			"from": [10.5, -7, 8.5],
			"to": [11.5, -6, 9.5],
			"rotation": {"angle": 0, "axis": "y", "origin": [18.5, 5, 7.5]},
			"faces": {
				"north": {"uv": [11.5, 6, 12, 6.5], "texture": "#2"},
				"east": {"uv": [11.5, 6, 12, 6.5], "texture": "#2"},
				"south": {"uv": [11.5, 6, 12, 6.5], "texture": "#2"},
				"west": {"uv": [11.5, 6, 12, 6.5], "texture": "#2"},
				"up": {"uv": [11.5, 6, 12, 6.5], "texture": "#2"},
				"down": {"uv": [11.5, 6, 12, 6.5], "texture": "#2"}
			}
		},
		{
			"name": "35",
			"from": [10.5, -9, 8.5],
			"to": [11.5, -8, 9.5],
			"rotation": {"angle": 0, "axis": "y", "origin": [18.5, 3, 7.5]},
			"faces": {
				"north": {"uv": [11.5, 6, 12, 6.5], "texture": "#2"},
				"east": {"uv": [11.5, 6, 12, 6.5], "texture": "#2"},
				"south": {"uv": [11.5, 6, 12, 6.5], "texture": "#2"},
				"west": {"uv": [11.5, 6, 12, 6.5], "texture": "#2"},
				"up": {"uv": [11.5, 6, 12, 6.5], "texture": "#2"},
				"down": {"uv": [11.5, 6, 12, 6.5], "texture": "#2"}
			}
		},
		{
			"name": "36",
			"from": [10.5, -9, 11.5],
			"to": [11.5, -8, 12.5],
			"rotation": {"angle": 0, "axis": "y", "origin": [18.5, 3, 10.5]},
			"faces": {
				"north": {"uv": [11.5, 6, 12, 6.5], "texture": "#2"},
				"east": {"uv": [11.5, 6, 12, 6.5], "texture": "#2"},
				"south": {"uv": [11.5, 6, 12, 6.5], "texture": "#2"},
				"west": {"uv": [11.5, 6, 12, 6.5], "texture": "#2"},
				"up": {"uv": [11.5, 6, 12, 6.5], "texture": "#2"},
				"down": {"uv": [11.5, 6, 12, 6.5], "texture": "#2"}
			}
		},
		{
			"name": "37",
			"from": [10.5, -8, 9.5],
			"to": [11.5, -7, 11.5],
			"rotation": {"angle": 0, "axis": "y", "origin": [18.5, 4, 8.5]},
			"faces": {
				"north": {"uv": [11.5, 6, 12, 6.5], "texture": "#2"},
				"east": {"uv": [11.5, 6, 12, 6.5], "texture": "#2"},
				"south": {"uv": [11.5, 6, 12, 6.5], "texture": "#2"},
				"west": {"uv": [11.5, 6, 12, 6.5], "texture": "#2"},
				"up": {"uv": [11.5, 6, 12, 6.5], "texture": "#2"},
				"down": {"uv": [11.5, 6, 12, 6.5], "texture": "#2"}
			}
		},
		{
			"name": "38",
			"from": [10.5, -6, 12.5],
			"to": [11.5, -5, 14.5],
			"rotation": {"angle": 0, "axis": "y", "origin": [18.5, 6, 11.5]},
			"faces": {
				"north": {"uv": [11.5, 6, 12, 6.5], "texture": "#2"},
				"east": {"uv": [11.5, 6, 12, 6.5], "texture": "#2"},
				"south": {"uv": [11.5, 6, 12, 6.5], "texture": "#2"},
				"west": {"uv": [11.5, 6, 12, 6.5], "texture": "#2"},
				"up": {"uv": [11.5, 6, 12, 6.5], "texture": "#2"},
				"down": {"uv": [11.5, 6, 12, 6.5], "texture": "#2"}
			}
		},
		{
			"name": "39",
			"from": [10.5, -6, 6.5],
			"to": [11.5, -5, 8.5],
			"rotation": {"angle": 0, "axis": "y", "origin": [18.5, 6, 5.5]},
			"faces": {
				"north": {"uv": [11.5, 6, 12, 6.5], "texture": "#2"},
				"east": {"uv": [11.5, 6, 12, 6.5], "texture": "#2"},
				"south": {"uv": [11.5, 6, 12, 6.5], "texture": "#2"},
				"west": {"uv": [11.5, 6, 12, 6.5], "texture": "#2"},
				"up": {"uv": [11.5, 6, 12, 6.5], "texture": "#2"},
				"down": {"uv": [11.5, 6, 12, 6.5], "texture": "#2"}
			}
		},
		{
			"name": "back",
			"from": [10.75, -10, 2.5],
			"to": [10.75, 22, 18.5],
			"rotation": {"angle": 0, "axis": "y", "origin": [18.1, 12, 18]},
			"faces": {
				"east": {"uv": [0, 0, 8, 16], "texture": "#5"},
				"west": {"uv": [0, 0, 8, 16], "texture": "#5"}
			}
		},
		{
			"name": "center",
			"from": [11, -10, 2.5],
			"to": [11, 22, 18.5],
			"rotation": {"angle": 0, "axis": "y", "origin": [18.5, 12, 18]},
			"faces": {
				"east": {"uv": [0, 0, 8, 16], "texture": "#6"},
				"west": {"uv": [0, 0, 8, 16], "texture": "#6"}
			}
		},
		{
			"name": "front",
			"from": [11.25, -10, 2.5],
			"to": [11.25, 22, 18.5],
			"rotation": {"angle": 0, "axis": "y", "origin": [18.9, 12, 18]},
			"faces": {
				"east": {"uv": [0, 0, 8, 16], "texture": "#4"},
				"west": {"uv": [0, 0, 8, 16], "texture": "#4"}
			}
		}
	],
	"gui_light": "front",
	"display": {
		"thirdperson_righthand": {
			"rotation": [30, 80, 0],
			"translation": [-3, 0, 1.5]
		},
		"thirdperson_lefthand": {
			"rotation": [30, -100, 0],
			"translation": [1.75, 0, 1]
		},
		"firstperson_righthand": {
			"rotation": [0, 80, 0],
			"translation": [-3.5, 0, 0]
		},
		"firstperson_lefthand": {
			"rotation": [0, -100, 0],
			"translation": [2.5, 0, 0]
		},
		"gui": {
			"rotation": [0, -139, 14],
			"translation": [1.75, 0.5, 0],
			"scale": [0.5, 0.5, 0.5]
		}
	},
	"groups": [
		{
			"name": "handel",
			"origin": [15, 16, 16],
			"children": [0, 1, 2, 3]
		},
		{
			"name": "frame",
			"origin": [18, 13, 16],
			"children": [4, 5, 6, 7, 8, 9, 10, 11, 12, 13, 14, 15, 16, 17, 18, 19, 20, 21, 22, 23, 24, 25, 26, 27, 28, 29, 30, 31, 32, 33, 34, 35, 36, 37, 38, 39, 40, 41, 42]
		},
		{
			"name": "shield",
			"origin": [8, 8, 8],
			"children": [43, 44, 45]
		}
	]
}