{
	"credit": "Made with Blockbench",
	"textures": {
		"0": "custom/head_r",
		"1": "custom/head_l",
		"2": "custom/head_b",
		"3": "custom/head_f",
		"missing": "custom/transparent",
		"particle": "custom/head_r"
	},
	"elements": [
		{
			"from": [4, 4, 12],
			"to": [12, 13, 13],
			"rotation": {"angle": 0, "axis": "y", "origin": [13, 11, 20]},
			"faces": {
				"north": {"uv": [0, 0, 10, 10], "texture": "#missing"},
				"east": {"uv": [0, 1, 1, 10], "texture": "#2"},
				"south": {"uv": [2, 1, 9.997, 9.999], "texture": "#2"},
				"west": {"uv": [12, 1, 13, 10], "texture": "#1"},
				"up": {"uv": [2, 0, 10, 1], "texture": "#2"},
				"down": {"uv": [0, 0, 8, 1], "texture": "#2"}
			}
		},
		{
			"from": [4, 13, 4],
			"to": [12, 14, 12],
			"rotation": {"angle": 0, "axis": "y", "origin": [13, 21, 20]},
			"faces": {
				"north": {"uv": [2, 0, 10, 0.999], "texture": "#3"},
				"east": {"uv": [1, 0, 9, 1], "texture": "#0"},
				"south": {"uv": [2, 0, 9.999, 0.999], "texture": "#2"},
				"west": {"uv": [4, 0, 12, 1], "texture": "#1"},
				"up": {"uv": [2, 1, 10, 9], "texture": "#2"},
				"down": {"uv": [0, 0, 10, 1], "texture": "#missing"}
			}
		},
		{
			"from": [3.75, 3, 3],
			"to": [12.25, 4, 12],
			"rotation": {"angle": 0, "axis": "y", "origin": [13, 11, 20]},
			"faces": {
				"north": {"uv": [2, 9, 10, 10], "texture": "#3"},
				"east": {"uv": [1, 10, 10, 11], "texture": "#2"},
				"south": {"uv": [2, 10, 9.999, 11], "texture": "#2"},
				"west": {"uv": [3, 10, 12, 11], "texture": "#1"},
				"up": {"uv": [1, 3, 11, 4], "texture": "#2"},
				"down": {"uv": [2, 1, 10, 10], "texture": "#2"}
			}
		},
		{
			"from": [3, 4, 4],
			"to": [4, 13, 12],
			"rotation": {"angle": 0, "axis": "y", "origin": [13, 11, 20]},
			"faces": {
				"north": {"uv": [10, 2, 11, 11], "texture": "#0"},
				"east": {"uv": [0, 0, 1, 10], "texture": "#missing"},
				"south": {"uv": [1, 1, 1.999, 10], "texture": "#2"},
				"west": {"uv": [4, 1, 12, 10], "texture": "#1"},
				"up": {"uv": [4, 2, 5, 10], "texture": "#1"},
				"down": {"uv": [0, 0, 1, 8], "texture": "#2"}
			}
		},
		{
			"from": [12, 4, 4],
			"to": [13, 13, 12],
			"rotation": {"angle": 0, "axis": "y", "origin": [22, 11, 20]},
			"faces": {
				"north": {"uv": [10, 2, 11, 11], "texture": "#0"},
				"east": {"uv": [1, 1, 9, 10], "texture": "#0"},
				"south": {"uv": [10, 1, 11, 10], "texture": "#2"},
				"west": {"uv": [0, 0, 1, 10], "texture": "#missing"},
				"up": {"uv": [8, 2, 9, 10], "texture": "#0"},
				"down": {"uv": [0, 0, 1, 8], "texture": "#2"}
			}
		},
		{
			"from": [4, 12, 3],
			"to": [12, 13, 4],
			"rotation": {"angle": 0, "axis": "y", "origin": [19, 20, 11]},
			"faces": {
				"north": {"uv": [2, 1, 10, 2], "texture": "#3"},
				"east": {"uv": [9, 1, 10, 2], "texture": "#0"},
				"south": {"uv": [0, 0, 8, 1], "texture": "#missing"},
				"west": {"uv": [2, 1, 3, 2], "texture": "#1"},
				"up": {"uv": [2, 1, 10, 2], "texture": "#3"},
				"down": {"uv": [0, 0, 8, 1], "texture": "#missing"}
			}
		},
		{
			"from": [4, 10, 2.25],
			"to": [12, 12, 3],
			"rotation": {"angle": 0, "axis": "y", "origin": [19, 19, 10]},
			"faces": {
				"north": {"uv": [2, 2, 10, 4], "texture": "#3"},
				"east": {"uv": [10, 2, 11, 4], "texture": "#0"},
				"south": {"uv": [0, 0, 8, 2], "texture": "#missing"},
				"west": {"uv": [2, 2, 3, 4], "texture": "#1"},
				"up": {"uv": [2, 1, 10, 2], "texture": "#3"},
				"down": {"uv": [2, 3, 10, 4], "texture": "#3"}
			}
		},
		{
			"from": [5, 3, 2],
			"to": [11, 9, 3],
			"rotation": {"angle": 0, "axis": "y", "origin": [19, 17, 10]},
			"faces": {
				"north": {"uv": [3, 5, 9, 11], "texture": "#3"},
				"east": {"uv": [12, 5, 13, 11], "texture": "#0"},
				"south": {"uv": [0, 0, 6, 6], "texture": "#missing"},
				"west": {"uv": [0, 5, 1, 11], "texture": "#1"},
				"up": {"uv": [3, 3, 9, 4], "texture": "#3"},
				"down": {"uv": [3, 1, 9, 2], "texture": "#3"}
			}
		},
		{
			"from": [6, 4, 1],
			"to": [10, 7, 2],
			"rotation": {"angle": 0, "axis": "y", "origin": [14, 12, 9]},
			"faces": {
				"north": {"uv": [4, 7, 8, 10], "texture": "#3"},
				"east": {"uv": [11, 6, 12, 9], "texture": "#0"},
				"south": {"uv": [0, 0, 4, 3], "texture": "#missing"},
				"west": {"uv": [1, 7, 2, 10], "texture": "#1"},
				"up": {"uv": [4, 7, 8, 8], "texture": "#3"},
				"down": {"uv": [4, 2, 8, 3], "texture": "#3"}
			}
		},
		{
			"from": [7, 4, 0.5],
			"to": [9, 6, 1],
			"rotation": {"angle": 0, "axis": "y", "origin": [14, 11, 8]},
			"faces": {
				"north": {"uv": [5, 8, 7, 10], "texture": "#3"},
				"east": {"uv": [12, 7, 12.5, 9], "texture": "#0"},
				"south": {"uv": [0, 0, 2, 2], "texture": "#missing"},
				"west": {"uv": [0.5, 8, 1, 10], "texture": "#1"},
				"up": {"uv": [5, 7, 7, 7.5], "texture": "#3"},
				"down": {"uv": [5, 9, 7, 9.5], "texture": "#3"}
			}
		},
		{
			"from": [6.5, 9, 2],
			"to": [9.5, 10, 3],
			"rotation": {"angle": 0, "axis": "y", "origin": [14, 16, 10]},
			"faces": {
				"north": {"uv": [4, 3, 7, 4], "texture": "#3"},
				"east": {"uv": [10, 4, 11, 5], "texture": "#0"},
				"south": {"uv": [0, 0, 3, 1], "texture": "#missing"},
				"west": {"uv": [2, 4, 3, 5], "texture": "#1"},
				"up": {"uv": [4, 3, 7, 4], "texture": "#3"},
				"down": {"uv": [0, 0, 3, 1], "texture": "#missing"}
			}
		},
		{
			"from": [11, 4, 3],
			"to": [12, 12, 4],
			"rotation": {"angle": 0, "axis": "y", "origin": [19, 13, 11]},
			"faces": {
				"north": {"uv": [2, 2, 3, 10], "texture": "#3"},
				"east": {"uv": [10, 2, 11, 10], "texture": "#0"},
				"south": {"uv": [0, 0, 1, 8], "texture": "#missing"},
				"west": {"uv": [0, 0, 1, 8], "texture": "#missing"},
				"up": {"uv": [0, 0, 1, 1], "texture": "#missing"},
				"down": {"uv": [0, 0, 1, 1], "texture": "#missing"}
			}
		},
		{
			"from": [4, 4, 3],
			"to": [5, 12, 4],
			"rotation": {"angle": 0, "axis": "y", "origin": [12, 13, 11]},
			"faces": {
				"north": {"uv": [9, 2, 10, 10], "texture": "#3"},
				"east": {"uv": [0, 0, 1, 8], "texture": "#missing"},
				"south": {"uv": [0, 0, 1, 8], "texture": "#missing"},
				"west": {"uv": [2, 2, 3, 10], "texture": "#1"},
				"up": {"uv": [0, 0, 1, 1], "texture": "#missing"},
				"down": {"uv": [0, 0, 1, 1], "texture": "#missing"}
			}
		},
		{
			"from": [13, 5, 8],
			"to": [13.5, 8, 11],
			"rotation": {"angle": 0, "axis": "y", "origin": [21, 13, 18]},
			"faces": {
				"north": {"uv": [9, 6, 9.5, 9], "texture": "#1"},
				"east": {"uv": [2, 6, 5, 9], "texture": "#0"},
				"south": {"uv": [10, 6, 10.5, 9], "texture": "#1"},
				"west": {"uv": [0, 0, 3, 3], "texture": "#missing"},
				"up": {"uv": [3, 6, 3.5, 9], "texture": "#0"},
				"down": {"uv": [8, 6, 8.5, 9], "texture": "#1"}
			}
		},
		{
			"from": [2.5, 5, 8],
			"to": [3, 8, 11],
			"rotation": {"angle": 0, "axis": "y", "origin": [10, 13, 18]},
			"faces": {
				"north": {"uv": [10, 6, 10.5, 9], "texture": "#1"},
				"east": {"uv": [9, 5, 11.999, 7.998], "texture": "#missing"},
				"south": {"uv": [10, 6, 10.5, 9], "texture": "#1"},
				"west": {"uv": [8, 6, 11, 9], "texture": "#1"},
				"up": {"uv": [8, 6, 8.5, 9], "texture": "#1"},
				"down": {"uv": [8, 6, 8.5, 9], "texture": "#1"}
			}
		},
		{
			"from": [5, 9, 3],
			"to": [11, 10, 4],
			"rotation": {"angle": 0, "axis": "y", "origin": [18, 17, 11]},
			"faces": {
				"north": {"uv": [3, 4, 9, 5], "texture": "#3"},
				"east": {"uv": [0, 0, 1, 1], "texture": "#missing"},
				"south": {"uv": [0, 0, 6, 1], "texture": "#missing"},
				"west": {"uv": [0, 0, 1, 1], "texture": "#missing"},
				"up": {"uv": [0, 0, 6, 1], "texture": "#missing"},
				"down": {"uv": [0, 0, 6, 1], "texture": "#missing"}
			}
		},
		{
			"from": [5, 2.25, 3],
			"to": [11, 3, 10.25],
			"rotation": {"angle": 0, "axis": "y", "origin": [17, 10, 17]},
			"faces": {
				"north": {"uv": [0, 0, 6, 1], "texture": "#2"},
				"east": {"uv": [0, 0, 7.25, 1], "texture": "#2"},
				"south": {"uv": [0, 0, 6, 1], "texture": "#2"},
				"west": {"uv": [0, 0, 7.25, 1], "texture": "#2"},
				"up": {"uv": [0, 0, 6, 7.25], "texture": "#2"},
				"down": {"uv": [0, 0, 6, 7.25], "texture": "#2"}
			}
		}
	],
	"display": {
		"thirdperson_righthand": {
			"translation": [0, 1.25, 0.75],
			"scale": [1.05273, 1.05273, 1]
		},
		"thirdperson_lefthand": {
			"rotation": [-180, 0, -180],
			"translation": [0, 1.25, 0.5],
			"scale": [1.03516, 1.05664, 1]
		},
		"firstperson_righthand": {
			"rotation": [0, 177.25, 0],
			"translation": [0.75, 3.25, 0]
		},
		"firstperson_lefthand": {
			"rotation": [0, -172.5, 0],
			"translation": [0, 2.5, 0.75]
		},
		"head": {
			"scale": [1.6, 1.6, 1.6]
		},
		"fixed": {
			"rotation": [0, 93.25, 0],
			"translation": [2, 2.25, -1]
		}
	}
}