{
	"credit": "Made with Blockbench",
	"textures": {
		"0": "custom/hook",
		"particle": "custom/hook"
	},
	"elements": [
		{
			"from": [7.75, 5, 9.25],
			"to": [8.25, 12, 9.75],
			"rotation": {"angle": 0, "axis": "y", "origin": [8, 10, 9.5]},
			"faces": {
				"north": {"uv": [0, 0, 0.5, 7], "texture": "#0"},
				"east": {"uv": [0, 0, 0.5, 7], "texture": "#0"},
				"south": {"uv": [0, 0, 0.5, 7], "texture": "#0"},
				"west": {"uv": [0, 0, 0.5, 7], "texture": "#0"},
				"up": {"uv": [0, 0, 0.5, 0.5], "texture": "#0"},
				"down": {"uv": [0, 0, 0.5, 0.5], "texture": "#0"}
			}
		},
		{
			"from": [7.5, 12, 9],
			"to": [8.5, 15, 10],
			"rotation": {"angle": 0, "axis": "y", "origin": [8, 10, 9.5]},
			"faces": {
				"north": {"uv": [1, 0, 2, 3], "texture": "#0"},
				"east": {"uv": [1, 0, 2, 3], "texture": "#0"},
				"south": {"uv": [1, 0, 2, 3], "texture": "#0"},
				"west": {"uv": [1, 0, 2, 3], "texture": "#0"},
				"up": {"uv": [1, 0, 2, 1], "texture": "#0"},
				"down": {"uv": [1, 0, 2, 1], "texture": "#0"}
			}
		},
		{
			"from": [3.5, 10.875, 9.5],
			"to": [12.5, 14.875, 9.5],
			"rotation": {"angle": 0, "axis": "y", "origin": [8, 6.625, 8]},
			"faces": {
				"north": {"uv": [2, 0, 11, 4], "texture": "#0"},
				"east": {"uv": [0, 0, 0, 4], "texture": "#missing"},
				"south": {"uv": [2, 0, 11, 4], "texture": "#0"},
				"west": {"uv": [0, 0, 0, 4], "texture": "#missing"},
				"up": {"uv": [9, 0, 0, 0], "texture": "#missing"},
				"down": {"uv": [9, 0, 0, 0], "texture": "#missing"}
			}
		},
		{
			"from": [8, 10.875, 5],
			"to": [8, 14.875, 14],
			"rotation": {"angle": 0, "axis": "y", "origin": [8, 12.875, 9.5]},
			"faces": {
				"north": {"uv": [0, 0, 0, 4], "texture": "#missing"},
				"east": {"uv": [2, 0, 11, 4], "texture": "#0"},
				"south": {"uv": [0, 0, 0, 4], "texture": "#missing"},
				"west": {"uv": [2, 0, 11, 4], "texture": "#0"},
				"up": {"uv": [9, 0, 0, 0], "rotation": 270, "texture": "#missing"},
				"down": {"uv": [9, 0, 0, 0], "rotation": 90, "texture": "#missing"}
			}
		}
	],
	"display": {
		"head": {
			"rotation": [-90, 0, 0]
		}
	}
}