{
	"credit": "Made with Blockbench",
	"textures": {
		"0": "custom/missile",
		"1": "custom/missile_icon",
		"particle": "custom/missile"
	},
	"gui_light": "front",
	"elements": [
		{
			"name": "body",
			"from": [0, 1, 3],
			"to": [19, 4, 6],
			"rotation": {"angle": 0, "axis": "y", "origin": [8, 9, 9]},
			"faces": {
				"north": {"uv": [0, 0.5, 16, 3.5], "texture": "#0"},
				"east": {"uv": [0, 4, 3, 7], "texture": "#0"},
				"south": {"uv": [0, 0.5, 16, 3.5], "texture": "#0"},
				"up": {"uv": [0, 0.5, 16, 3.5], "texture": "#0"},
				"down": {"uv": [0, 0.5, 16, 3.5], "texture": "#0"}
			}
		},
		{
			"name": "body.i",
			"from": [0, 1, 3],
			"to": [0, 4, 6],
			"rotation": {"angle": 0, "axis": "y", "origin": [8, 9, 9]},
			"faces": {
				"north": {"uv": [0, 0.5, 16, 3.5], "texture": "#0"},
				"east": {"uv": [0, 4, 3, 7], "texture": "#0"},
				"south": {"uv": [0, 0.5, 16, 3.5], "texture": "#0"},
				"up": {"uv": [0, 0.5, 16, 3.5], "texture": "#0"},
				"down": {"uv": [0, 0.5, 16, 3.5], "texture": "#0"}
			}
		},
		{
			"name": "body.i",
			"from": [0.01, 1, 3],
			"to": [0.01, 4, 6],
			"rotation": {"angle": 0, "axis": "y", "origin": [8, 9, 9]},
			"faces": {
				"north": {"uv": [0, 0.5, 16, 3.5], "texture": "#0"},
				"south": {"uv": [0, 0.5, 16, 3.5], "texture": "#0"},
				"west": {"uv": [0, 0, 16, 16], "texture": "#1"},
				"up": {"uv": [0, 0.5, 16, 3.5], "texture": "#0"},
				"down": {"uv": [0, 0.5, 16, 3.5], "texture": "#0"}
			}
		},
		{
			"name": "1",
			"from": [3.25, 2, 6],
			"to": [19, 3, 6.5],
			"rotation": {"angle": 0, "axis": "y", "origin": [8, 10, 4]},
			"faces": {
				"north": {"uv": [0, 1.5, 15.75, 2.5], "texture": "#0"},
				"east": {"uv": [0, 0, 0.5, 1], "texture": "#0"},
				"south": {"uv": [0, 1.5, 15.75, 2.5], "texture": "#0"},
				"up": {"uv": [0, 1.5, 15.75, 2.5], "texture": "#0"},
				"down": {"uv": [0, 1.5, 15.75, 2], "texture": "#0"}
			}
		},
		{
			"name": "2",
			"from": [0, 4, 4],
			"to": [19, 4.5, 5],
			"rotation": {"angle": 0, "axis": "y", "origin": [8, 12, 2.5]},
			"faces": {
				"north": {"uv": [0, 1.5, 15.75, 2.5], "texture": "#0"},
				"east": {"uv": [0, 0, 0.5, 1], "texture": "#0"},
				"south": {"uv": [0, 1.5, 15.75, 2.5], "texture": "#0"},
				"up": {"uv": [0, 1.5, 15.75, 2.5], "texture": "#0"},
				"down": {"uv": [0, 1.5, 16, 2.5], "texture": "#0"}
			}
		},
		{
			"name": "2.1",
			"from": [0, 4, 4],
			"to": [0, 4.5, 5],
			"rotation": {"angle": 0, "axis": "y", "origin": [8, 12, 2.5]},
			"faces": {
				"north": {"uv": [0, 1.5, 15.75, 2.5], "texture": "#0"},
				"east": {"uv": [0, 0, 0.5, 1], "texture": "#0"},
				"south": {"uv": [0, 1.5, 15.75, 2.5], "texture": "#0"},
				"up": {"uv": [0, 1.5, 15.75, 2.5], "texture": "#0"},
				"down": {"uv": [0, 1.5, 16, 2.5], "texture": "#0"}
			}
		},
		{
			"name": "4.1",
			"from": [0, 0.5, 4],
			"to": [0, 1, 5],
			"rotation": {"angle": 0, "axis": "y", "origin": [8, 8.5, 2.5]},
			"faces": {
				"north": {"uv": [0, 1.5, 15.75, 2.5], "texture": "#0"},
				"east": {"uv": [0, 0, 0.5, 1], "texture": "#0"},
				"south": {"uv": [0, 1.5, 15.75, 2.5], "texture": "#0"},
				"up": {"uv": [0, 1.5, 15.75, 2.5], "texture": "#0"},
				"down": {"uv": [0, 1.5, 16, 2.5], "texture": "#0"}
			}
		},
		{
			"name": "3",
			"from": [3.25, 2, 2.5],
			"to": [19, 3, 3],
			"rotation": {"angle": 0, "axis": "y", "origin": [8, 10, 0.5]},
			"faces": {
				"north": {"uv": [0, 1.5, 15.75, 2.5], "texture": "#0"},
				"east": {"uv": [0, 0, 0.5, 1], "texture": "#0"},
				"south": {"uv": [0, 1.5, 15.75, 2.5], "texture": "#0"},
				"up": {"uv": [0, 1.5, 15.75, 2.5], "texture": "#0"},
				"down": {"uv": [0, 1.5, 15.75, 2], "texture": "#0"}
			}
		},
		{
			"name": "4",
			"from": [0, 0.5, 4],
			"to": [19, 1, 5],
			"rotation": {"angle": 0, "axis": "y", "origin": [8, 8.5, 2.5]},
			"faces": {
				"north": {"uv": [0, 1.5, 15.75, 2.5], "texture": "#0"},
				"east": {"uv": [0, 0, 0.5, 1], "texture": "#0"},
				"south": {"uv": [0, 1.5, 15.75, 2.5], "texture": "#0"},
				"up": {"uv": [0, 1.5, 15.75, 2.5], "texture": "#0"},
				"down": {"uv": [0, 1.5, 16, 2.5], "texture": "#0"}
			}
		},
		{
			"name": "head",
			"from": [19, 1, 4],
			"to": [21, 4, 5],
			"rotation": {"angle": 0, "axis": "y", "origin": [24, 9, 9]},
			"faces": {
				"north": {"uv": [0, 0.5, 2, 3.499], "texture": "#0"},
				"east": {"uv": [15, 6, 16, 8.999], "texture": "#0"},
				"south": {"uv": [0, 0.5, 2, 3.499], "texture": "#0"},
				"up": {"uv": [0, 0, 2, 1], "texture": "#0"},
				"down": {"uv": [0, 0, 2, 1], "texture": "#0"}
			}
		},
		{
			"name": "head",
			"from": [19, 2, 3],
			"to": [21, 3, 6],
			"rotation": {"angle": 0, "axis": "y", "origin": [24, 9, 8]},
			"faces": {
				"north": {"uv": [0, 0, 2, 1], "texture": "#0"},
				"east": {"uv": [0, 0, 3, 1], "texture": "#0"},
				"south": {"uv": [0, 0, 2, 1], "texture": "#0"},
				"up": {"uv": [0, 0.5, 2, 3.499], "texture": "#0"},
				"down": {"uv": [0, 0.5, 2, 3.499], "texture": "#0"}
			}
		},
		{
			"name": "head",
			"from": [21, 2, 4],
			"to": [24, 3, 5],
			"rotation": {"angle": 0, "axis": "y", "origin": [26, 9, 8]},
			"faces": {
				"north": {"uv": [0, 0, 3, 1], "texture": "#0"},
				"east": {"uv": [0, 0, 1, 1], "texture": "#0"},
				"south": {"uv": [0, 0, 3, 1], "texture": "#0"},
				"up": {"uv": [0, 0, 3, 1], "texture": "#0"},
				"down": {"uv": [0, 0, 3, 1], "texture": "#0"}
			}
		},
		{
			"name": "fin",
			"from": [15, 2.25, 2],
			"to": [16, 2.75, 7],
			"rotation": {"angle": 0, "axis": "y", "origin": [20, 10, 12]},
			"faces": {
				"north": {"uv": [0, 0, 1, 0.5], "texture": "#0"},
				"east": {"uv": [0, 0, 5, 0.5], "texture": "#0"},
				"south": {"uv": [0, 0, 1, 0.5], "texture": "#0"},
				"up": {"uv": [15, 5, 16, 9.999], "texture": "#0"},
				"down": {"uv": [15, 5, 16, 9.999], "texture": "#0"}
			}
		},
		{
			"name": "fin",
			"from": [14, 2.25, 1],
			"to": [14, 2.75, 8],
			"rotation": {"angle": 0, "axis": "y", "origin": [19, 10, 12]},
			"faces": {
				"north": {"uv": [0, 0, 1, 0.5], "texture": "#0"},
				"east": {"uv": [0, 0, 7, 0.5], "texture": "#0"},
				"south": {"uv": [0, 0, 1, 0.5], "texture": "#0"},
				"up": {"uv": [14, 4, 15, 11], "texture": "#0"},
				"down": {"uv": [14, 4, 15, 11], "texture": "#0"}
			}
		},
		{
			"name": "fin",
			"from": [14, 2.25, 1],
			"to": [15, 2.75, 8],
			"rotation": {"angle": 0, "axis": "y", "origin": [19, 10, 12]},
			"faces": {
				"north": {"uv": [0, 0, 1, 0.5], "texture": "#0"},
				"east": {"uv": [0, 0, 7, 0.5], "texture": "#0"},
				"south": {"uv": [0, 0, 1, 0.5], "texture": "#0"},
				"up": {"uv": [14, 4, 15, 11], "texture": "#0"},
				"down": {"uv": [14, 4, 15, 11], "texture": "#0"}
			}
		},
		{
			"name": "fin",
			"from": [2.25, 2, 2],
			"to": [3.25, 3, 7],
			"rotation": {"angle": 0, "axis": "y", "origin": [7.25, 10, 12]},
			"faces": {
				"north": {"uv": [0, 0, 1, 1], "texture": "#0"},
				"east": {"uv": [0, 0, 5, 1], "texture": "#0"},
				"south": {"uv": [0, 0, 1, 1], "texture": "#0"},
				"up": {"uv": [15, 5, 16, 10], "texture": "#0"},
				"down": {"uv": [15, 5, 16, 10], "texture": "#0"}
			}
		},
		{
			"name": "fin",
			"from": [1.25, 2, 1],
			"to": [2.25, 3, 8],
			"rotation": {"angle": 0, "axis": "y", "origin": [6.25, 10, 12]},
			"faces": {
				"north": {"uv": [0, 0, 1, 1], "texture": "#0"},
				"east": {"uv": [0, 0, 7, 1], "texture": "#0"},
				"south": {"uv": [0, 0, 1, 1], "texture": "#0"},
				"up": {"uv": [14, 4, 15, 11], "texture": "#0"},
				"down": {"uv": [14, 4, 15, 11], "texture": "#0"}
			}
		},
		{
			"name": "fin",
			"from": [0.25, 2, 0],
			"to": [1.25, 3, 9],
			"rotation": {"angle": 0, "axis": "y", "origin": [5.25, 10, 12]},
			"faces": {
				"north": {"uv": [0, 0, 1, 1], "texture": "#0"},
				"east": {"uv": [0, 0, 9, 1], "texture": "#0"},
				"south": {"uv": [0, 0, 1, 1], "texture": "#0"},
				"up": {"uv": [14, 4, 15, 11], "texture": "#0"},
				"down": {"uv": [14, 4, 15, 11], "texture": "#0"}
			}
		},
		{
			"name": "fin",
			"from": [0.25, 2, 0],
			"to": [0.25, 3, 9],
			"rotation": {"angle": 0, "axis": "y", "origin": [5.25, 10, 12]},
			"faces": {
				"north": {"uv": [0, 0, 1, 1], "texture": "#0"},
				"east": {"uv": [0, 0, 9, 1], "texture": "#0"},
				"south": {"uv": [0, 0, 1, 1], "texture": "#0"},
				"up": {"uv": [14, 4, 15, 11], "texture": "#0"},
				"down": {"uv": [14, 4, 15, 11], "texture": "#0"}
			}
		}
	],
	"display": {
		"thirdperson_righthand": {
			"rotation": [-16, 90, 81],
			"translation": [4, 5.25, 14.5],
			"scale": [0.75, 0.75, 0.75]
		},
		"thirdperson_lefthand": {
			"rotation": [-16, 90, -99],
			"translation": [4, 1.25, 7.5],
			"scale": [0.75, 0.75, 0.75]
		},
		"firstperson_righthand": {
			"rotation": [0, 90, 0],
			"translation": [6.25, 20, 6.5]
		},
		"firstperson_lefthand": {
			"rotation": [0, 90, 0],
			"translation": [6.25, 20, 6.5]
		},
		"gui": {
			"rotation": [0, 90, 0],
			"translation": [14, 22, 0],
			"scale": [4, 4, 4]
		},
		"head": {
			"rotation": [0, 90, 0],
			"translation": [3.5, 5.5, 0]
		}
	},
	"groups": [
		{
			"name": "sides",
			"origin": [8, 9, 0.5],
			"children": [0, 1, 2, 3, 4, 5, 6, 7, 8]
		},
		{
			"name": "head",
			"origin": [26, 9, 8],
			"children": [9, 10, 11]
		},
		{
			"name": "fin",
			"origin": [8, 8, 8],
			"children": [12, 13, 14]
		},
		{
			"name": "fin",
			"origin": [8, 8, 8],
			"children": [15, 16, 17, 18]
		}
	]
}