{
    "type": "crafting_shapeless",
    "ingredients": [
        {
            "item": "minecraft:gunpowder"
        },
        {
            "item": "minecraft:gunpowder"
        },
        {
            "item": "minecraft:gunpowder"
        },
        {
            "item": "minecraft:gunpowder"
        },
        {
            "item": "minecraft:skeleton_skull"
        },
        {
            "item": "minecraft:gunpowder"
        },
        {
            "item": "minecraft:gunpowder"
        },
        {
            "item": "minecraft:lime_dye"
        },
        {
            "item": "minecraft:gunpowder"
        }
    ],
    "result": {
        "item": "minecraft:creeper_head",
        "count": 1
    },
    "group": "Heads"
}