{
	"credit": "Made with Blockbench by KodingKat",
	"textures": {
		"0": "dweller/dweller0",
		"1": "dweller/dweller1",
		"2": "dweller/dweller2",
		"3": "dweller/dweller3",
		"4": "dweller/dweller4",
		"5": "dweller/dweller6",
		"6": "dweller/dweller7",
		"7": "dweller/dweller5",
		"particle": "dweller/dweller0"
	},
	"elements": [
		{
			"name": "head",
			"from": [0, 16, 0],
			"to": [16, 32, 16],
			"rotation": {"angle": 0, "axis": "y", "origin": [8, 10.4, 11.6]},
			"faces": {
				"north": {"uv": [0, 0, 16, 16], "texture": "#0"},
				"east": {"uv": [0, 0, 16, 16], "texture": "#4"},
				"south": {"uv": [0, 0, 16, 16], "texture": "#2"},
				"west": {"uv": [0, 0, 16, 16], "texture": "#4"},
				"up": {"uv": [0, 0, 16, 16], "rotation": 90, "texture": "#1"},
				"down": {"uv": [0, 0, 16, 16], "rotation": 270, "texture": "#3"}
			}
		},
		{
			"name": "body",
			"from": [1, 0, 1],
			"to": [15, 16, 15],
			"rotation": {"angle": 0, "axis": "y", "origin": [8, 10.4, 11.6]},
			"faces": {
				"north": {"uv": [0, 0, 12, 16], "texture": "#3"},
				"east": {"uv": [0, 0, 12, 16], "texture": "#3"},
				"south": {"uv": [0, 0, 12, 16], "texture": "#3"},
				"west": {"uv": [4, 0, 16, 16], "texture": "#3"},
				"up": {"uv": [0, 0, 12, 12], "texture": "#3"},
				"down": {"uv": [0, 0, 12, 12], "texture": "#3"}
			}
		},
		{
			"name": "bodyb",
			"from": [2, -16, 2],
			"to": [14, 0, 14],
			"rotation": {"angle": 0, "axis": "y", "origin": [8, 10.4, 11.6]},
			"faces": {
				"north": {"uv": [0, 0, 12, 16], "texture": "#5"},
				"east": {"uv": [0, 0, 12, 16], "texture": "#7"},
				"south": {"uv": [0, 0, 12, 16], "texture": "#6"},
				"west": {"uv": [4, 0, 16, 16], "texture": "#7"},
				"up": {"uv": [0, 0, 12, 12], "texture": "#3"}
			}
		},
		{
			"name": "spike",
			"from": [8, 1, 15],
			"to": [8, 16, 20],
			"rotation": {"angle": 0, "axis": "x", "origin": [8, 10.4, 11.6]},
			"faces": {
				"north": {"uv": [0, 0, 0, 15], "texture": "#6"},
				"east": {"uv": [0, 0, 5, 15], "texture": "#6"},
				"south": {"uv": [0, 0, 0, 15], "texture": "#6"},
				"west": {"uv": [0, 0, 5, 15], "texture": "#6"},
				"up": {"uv": [0, 0, 0, 5], "texture": "#6"},
				"down": {"uv": [0, 0, 0, 5], "texture": "#6"}
			}
		},
		{
			"name": "spike2",
			"from": [8, 16, 15],
			"to": [8, 23, 18],
			"rotation": {"angle": 0, "axis": "y", "origin": [8, 10.4, 11.6]},
			"faces": {
				"north": {"uv": [0, 0, 0, 7], "texture": "#6"},
				"east": {"uv": [0, 0, 3, 7], "texture": "#6"},
				"south": {"uv": [0, 0, 0, 7], "texture": "#6"},
				"west": {"uv": [0, 0, 3, 7], "texture": "#6"},
				"up": {"uv": [0, 0, 0, 3], "texture": "#6"},
				"down": {"uv": [0, 0, 0, 3], "texture": "#6"}
			}
		}
	],
	"display": {
		"head": {
			"translation": [0, -13, 0],
			"scale": [0.81, 0.81, 0.81]
		}
	}
}