{
	"credit": "Made with Blockbench",
	"textures": {
		"0": "custom/grappling_gun",
		"particle": "custom/hook",
		"1_0": "custom/hook"
	},
	"elements": [
		{
			"name": "handel",
			"from": [8.02392, 6.24524, 8.77868],
			"to": [9.02392, 9.74524, 10.27868],
			"rotation": {"angle": 0, "axis": "y", "origin": [8.52392, 9, 10.75476]},
			"faces": {
				"north": {"uv": [0, 0, 3.5, 1], "rotation": 90, "texture": "#0"},
				"east": {"uv": [0, 0, 1.5, 3.5], "rotation": 180, "texture": "#0"},
				"south": {"uv": [0, 0, 3.5, 1], "rotation": 270, "texture": "#0"},
				"west": {"uv": [0, 0, 1.5, 3.5], "texture": "#0"},
				"up": {"uv": [0, 0, 1.5, 1], "rotation": 270, "texture": "#0"},
				"down": {"uv": [0, 0, 1.5, 1], "rotation": 270, "texture": "#0"}
			}
		},
		{
			"name": "barrel",
			"from": [7.52392, 8.74524, 0.27868],
			"to": [9.52392, 10.74524, 10.77868],
			"rotation": {"angle": 0, "axis": "y", "origin": [8.52392, 9, 10.75476]},
			"faces": {
				"north": {"uv": [10, 10, 12, 12], "rotation": 90, "texture": "#0"},
				"east": {"uv": [5, 0, 15.499, 2], "rotation": 180, "texture": "#0"},
				"south": {"uv": [0, 2, 2, 4], "rotation": 270, "texture": "#0"},
				"west": {"uv": [5, 0, 15.499, 2], "texture": "#0"},
				"up": {"uv": [5, 0, 15.499, 2], "rotation": 270, "texture": "#0"},
				"down": {"uv": [5, 0, 15.499, 2], "rotation": 270, "texture": "#0"}
			}
		},
		{
			"name": "barrel",
			"from": [7.89892, 9.12024, -2.72132],
			"to": [9.14892, 10.37024, 0.27868],
			"rotation": {"angle": 0, "axis": "y", "origin": [8.52392, 9, 10.75476]},
			"faces": {
				"north": {"uv": [0, 10, 1.25, 11.249], "rotation": 90, "texture": "#0"},
				"east": {"uv": [10, 10, 12.998, 11.248], "texture": "#0"},
				"south": {"uv": [0, 10, 1.25, 11.249], "rotation": 270, "texture": "#0"},
				"west": {"uv": [10, 10, 12.998, 11.248], "texture": "#0"},
				"up": {"uv": [10, 10, 12.998, 11.248], "texture": "#0"},
				"down": {"uv": [10, 10, 12.998, 11.248], "texture": "#0"}
			}
		},
		{
			"from": [8.14892, 9.24524, 10.77868],
			"to": [8.89892, 10.24524, 15.77868],
			"rotation": {"angle": 0, "axis": "y", "origin": [8.52392, 9, 10.75476]},
			"faces": {
				"north": {"uv": [0, 0, 1, 0.75], "rotation": 90, "texture": "#0"},
				"east": {"uv": [0, 0, 5, 1], "rotation": 180, "texture": "#0"},
				"south": {"uv": [0, 0, 1, 0.75], "rotation": 270, "texture": "#0"},
				"west": {"uv": [0, 0, 5, 1], "texture": "#0"},
				"up": {"uv": [0, 0, 5, 0.75], "rotation": 270, "texture": "#0"},
				"down": {"uv": [0, 0, 5, 0.75], "rotation": 270, "texture": "#0"}
			}
		},
		{
			"from": [8.02392, 8.61318, 14.60792],
			"to": [9.02392, 12.11318, 15.60792],
			"rotation": {"angle": 22.5, "axis": "x", "origin": [8.52392, 9, 10.75476]},
			"faces": {
				"north": {"uv": [10, 0, 13.5, 1], "rotation": 90, "texture": "#0"},
				"east": {"uv": [10, 0, 11, 3.5], "rotation": 180, "texture": "#0"},
				"south": {"uv": [10, 0, 13.5, 1], "rotation": 270, "texture": "#0"},
				"west": {"uv": [10, 0, 11, 3.5], "texture": "#0"},
				"up": {"uv": [10, 0, 11, 1], "rotation": 270, "texture": "#0"},
				"down": {"uv": [10, 0, 11, 1], "rotation": 270, "texture": "#0"}
			}
		},
		{
			"from": [8.25, 9.75, -4.5],
			"to": [8.75, 10.25, 2.5],
			"rotation": {"angle": 0, "axis": "y", "origin": [8.5, 10, -2.5]},
			"faces": {
				"north": {"uv": [0, 0, 0.5, 0.5], "rotation": 180, "texture": "#1_0"},
				"east": {"uv": [0, 0, 0.5, 7], "rotation": 90, "texture": "#1_0"},
				"south": {"uv": [0, 0, 0.5, 0.5], "texture": "#1_0"},
				"west": {"uv": [0, 0, 0.5, 7], "rotation": 270, "texture": "#1_0"},
				"up": {"uv": [0, 0, 0.5, 7], "texture": "#1_0"},
				"down": {"uv": [0, 0, 0.5, 7], "rotation": 180, "texture": "#1_0"}
			}
		},
		{
			"from": [8, 9.5, -7.5],
			"to": [9, 10.5, -4.5],
			"rotation": {"angle": 0, "axis": "y", "origin": [8.5, 10, -2.5]},
			"faces": {
				"north": {"uv": [1, 0, 2, 1], "rotation": 180, "texture": "#1_0"},
				"east": {"uv": [1, 0, 2, 3], "rotation": 90, "texture": "#1_0"},
				"south": {"uv": [1, 0, 2, 1], "texture": "#1_0"},
				"west": {"uv": [1, 0, 2, 3], "rotation": 270, "texture": "#1_0"},
				"up": {"uv": [1, 0, 2, 3], "texture": "#1_0"},
				"down": {"uv": [1, 0, 2, 3], "rotation": 180, "texture": "#1_0"}
			}
		},
		{
			"from": [4, 10, -7.375],
			"to": [13, 10, -3.375],
			"rotation": {"angle": 0, "axis": "y", "origin": [8.5, 8.5, 0.875]},
			"faces": {
				"north": {"uv": [9, 0, 0, 0], "rotation": 180, "texture": "#1_0"},
				"east": {"uv": [0, 0, 0, 4], "rotation": 90, "texture": "#1_0"},
				"south": {"uv": [9, 0, 0, 0], "texture": "#1_0"},
				"west": {"uv": [0, 0, 0, 4], "rotation": 270, "texture": "#1_0"},
				"up": {"uv": [2, 0, 11, 4], "texture": "#1_0"},
				"down": {"uv": [2, 0, 11, 4], "rotation": 180, "texture": "#1_0"}
			}
		},
		{
			"from": [8.5, 5.5, -7.375],
			"to": [8.5, 14.5, -3.375],
			"rotation": {"angle": 0, "axis": "y", "origin": [8.5, 10, -5.375]},
			"faces": {
				"north": {"uv": [9, 0, 0, 0], "rotation": 90, "texture": "#1_0"},
				"east": {"uv": [2, 0, 11, 4], "rotation": 90, "texture": "#1_0"},
				"south": {"uv": [9, 0, 0, 0], "rotation": 90, "texture": "#1_0"},
				"west": {"uv": [2, 0, 11, 4], "rotation": 270, "texture": "#1_0"},
				"up": {"uv": [0, 0, 0, 4], "texture": "#1_0"},
				"down": {"uv": [0, 0, 0, 4], "rotation": 180, "texture": "#1_0"}
			}
		}
	],
	"display": {
		"gui": {
			"rotation": [90, 45, 0],
			"translation": [3.25, -3.75, 0],
			"scale": [0.7, 0.7, 0.7]
		}
	},
	"groups": [0,
		{
			"name": "barrel",
			"origin": [2, 1.5, 3],
			"children": [1, 2, 3, 4]
		},
		{
			"name": "hook",
			"origin": [8, 8, 8],
			"children": [5, 6, 7, 8]
		}
	]
}