{
	"__comment": "Designed by MinecraftSpace with Cubik Studio - https://cubik.studio",
	"textures": {
		"particle": "block/brewing_stand",
		"stand": "block/brewing_stand",
		"base": "block/brewing_stand_base"
	},
	"elements": [
		{
			"from": [ -0.0001, -0.125, 8 ],
			"to": [ 7.9999, 15.875, 8.001 ],
			"rotation": { "origin": [ 8, 7.4375, 8 ], "axis": "y", "angle": -45 },
			"faces": {
				"north": { "uv": [ 8, 0, 16, 16 ], "texture": "#stand" },
				"south": { "uv": [ 16, 0, 8, 16 ], "texture": "#stand" }
			}
		},
		{
			"from": [ 7, 0, 7 ],
			"to": [ 9, 14, 9 ],
			"faces": {
				"down": { "uv": [ 7, 7, 9, 9 ], "texture": "#stand" },
				"up": { "uv": [ 7, 7, 9, 9 ], "texture": "#stand" },
				"north": { "uv": [ 7, 2, 9, 16 ], "texture": "#stand" },
				"south": { "uv": [ 7, 2, 9, 16 ], "texture": "#stand" },
				"west": { "uv": [ 7, 2, 9, 16 ], "texture": "#stand" },
				"east": { "uv": [ 7, 2, 9, 16 ], "texture": "#stand" }
			}
		},
		{
			"from": [ 9, 0, 5 ],
			"to": [ 15, 2, 11 ],
			"faces": {
				"down": { "uv": [ 9, 5, 15, 11 ], "texture": "#base" },
				"up": { "uv": [ 9, 5, 15, 11 ], "texture": "#base" },
				"north": { "uv": [ 9, 14, 15, 16 ], "texture": "#base" },
				"south": { "uv": [ 9, 14, 15, 16 ], "texture": "#base" },
				"west": { "uv": [ 5, 14, 11, 16 ], "texture": "#base" },
				"east": { "uv": [ 5, 14, 11, 16 ], "texture": "#base" }
			}
		},
		{
			"from": [ 2, 0, 1 ],
			"to": [ 8, 2, 7 ],
			"faces": {
				"down": { "uv": [ 2, 1, 8, 7 ], "texture": "#base" },
				"up": { "uv": [ 2, 1, 8, 7 ], "texture": "#base" },
				"north": { "uv": [ 2, 14, 8, 16 ], "texture": "#base" },
				"south": { "uv": [ 2, 14, 8, 16 ], "texture": "#base" },
				"west": { "uv": [ 1, 14, 7, 16 ], "texture": "#base" },
				"east": { "uv": [ 1, 14, 7, 16 ], "texture": "#base" }
			}
		},
		{
			"from": [ 2, 0, 9 ],
			"to": [ 8, 2, 15 ],
			"faces": {
				"down": { "uv": [ 2, 9, 8, 15 ], "texture": "#base" },
				"up": { "uv": [ 2, 9, 8, 15 ], "texture": "#base" },
				"north": { "uv": [ 2, 14, 8, 16 ], "texture": "#base" },
				"south": { "uv": [ 2, 14, 8, 16 ], "texture": "#base" },
				"west": { "uv": [ 9, 14, 15, 16 ], "texture": "#base" },
				"east": { "uv": [ 9, 14, 15, 16 ], "texture": "#base" }
			}
		},
		{
			"from": [ -0.0001, -0.125, 8 ],
			"to": [ 7.9999, 15.875, 8.001 ],
			"rotation": { "origin": [ 8, 8, 8 ], "axis": "y", "angle": 45 },
			"faces": {
				"north": { "uv": [ 8, 0, 16, 16 ], "texture": "#stand" },
				"south": { "uv": [ 16, 0, 8, 16 ], "texture": "#stand" }
			}
		},
		{
			"from": [ 8, -0.125, 8 ],
			"to": [ 16, 15.875, 8.001 ],
			"faces": {
				"north": { "uv": [ 16, 0, 8, 16 ], "texture": "#stand" },
				"south": { "uv": [ 8, 0, 16, 16 ], "texture": "#stand" }
			}
		}
	],
	"display": {
		"thirdperson_righthand": {
			"rotation":  [ 50, 45, 0 ],
			"translation":  [ 0, 1.7, 1.2 ],
			"scale":  [ 0.475, 0.475, 0.475 ]
		},
		"thirdperson_lefthand": {
			"rotation":  [ 50, -16, 0 ],
			"translation":  [ 0, 1.7, 1.2 ],
			"scale":  [ 0.475, 0.475, 0.475 ]
		},
		"firstperson_righthand": {
			"rotation":  [ 0, -133, 0 ],
			"translation":  [ 0, 1.3912, 0 ],
			"scale":  [ 0.6, 0.6, 0.6 ]
		},
		"firstperson_lefthand": {
			"rotation":  [ 0, 45, 0 ],
			"translation":  [ 0, 1.3912, 0 ],
			"scale":  [ 0.6, 0.6, 0.6 ]
		},
		"gui": {
			"rotation":  [ 30, 225, 0 ],
			"translation":  [ 0, 1, 0 ],
			"scale":  [ 0.8, 0.8, 0.8 ]
		},
		"ground": {
			"translation":  [ 0, 3, 0 ],
			"scale":  [ 0.3, 0.3, 0.3 ]
		},
		"fixed": {
			"rotation":  [ 0, -90, 0 ],
			"translation":  [ 0, 0, 1 ],
			"scale":  [ 0.5, 0.5, 0.5 ]
		}
	}
}